# Candidate loaded VAs, checked using Thumb instruction/string references.
0x366520 0x3665bc check_base_picture_setting_diagnostic
0x8db56e 0x8db5d4 set_base_picture_setting_receiver
0x4e8a5c 0x4e8b24 get_vfx_mlut_lookname_candidate
0xb31aac 0xb31ac4 normalize_base_look_candidate
0xb2c406 0xb2c5b6 build_mlut_settings_candidate
0xb2c5b6 0xb2c5fc set_mlut_path_flags_candidate
0xb2ddb4 0xb2ddbe get_imaging_context_candidate
0x4e876c 0x4e8970 submit_mlut_candidate
0x4e89f0 0x4e8a40 mlut_completion_callback_candidate
0xb31a54 0xb31aac check_mlut_cached_state_candidate
0x13dc70 0x13e6bc update_write_pin_parameters_candidate
0x68889a 0x6888b4 initialize_parameter_object_base_candidate
0x6888e6 0x688928 initialize_parameter_object_type5_candidate
0x688954 0x68895e copy_parameter_object_payload_candidate
0x68a758 0x68a7ba pack_parameter_object_candidate
0x68ad08 0x68ad0c pack_type5_wrapper_candidate
0x54e15c 0x54e380 submit_l3d_lower_wrapper_candidate
0xb799de 0xb79ab4 build_l3d_driver_request_candidate
0xb79ab4 0xb79b84 build_reg_driver_request_candidate
0xb7a0aa 0xb7a0b6 get_mlut_logging_state_candidate
0xb83282 0xb8336c queue_mlut_driver_request_candidate
0xb82c22 0xb82cb6 mlut_worker_loop_candidate
0x53533c 0x5353f4 dispatch_mlut_driver_request_candidate
0xb82d7c 0xb82dbe handle_l3d_driver_request_candidate
0xb8336c 0xb833f4 build_l3d_transfer_descriptors_candidate
0xb77ff8 0xb7800e get_mlut_target_base_candidate
0x5353f4 0x53558e lower_mlut_transfer_descriptors_candidate
0xb83062 0xb831f8 submit_mlut_transfer_and_wait_candidate
0xb831f8 0xb83282 mlut_transfer_completion_candidate
0x54d788 0x54d8d8 resolve_mlut_resource_ownership_candidate
0xbb42da 0xbb4302 map_resource_index_to_mlut_ip_candidate
0x54d2d4 0x54d408 allocate_mlut_resource_owner_candidate
0x46f6e0 0x46f770 select_stream_resource_table_candidate
0xb0a332 0xb0a3c8 collect_stream_resource_ids_candidate
